Identifier,DateOfAcquire,Name,Storage,Position,Source,Note
p220929-1,20220929,Des-EF1a-Flag-biotin-X-BSD,,79,张涛
p221002-1,20221002,HA-ANKRD11-dox,,81,张涛
p221022-1,20221022,V5-NPM1,,77,张涛从他同学实验室借得,没有图谱
p221022-2,20221022,V5-SURF6,,78,张涛从他同学实验室借得,没有图谱
p221101-1,20221101,PX320-WDR18-sg2,,80,张涛
p221102-1,20221102,pSPAX2,1号盒子,"32,34",张涛
p221102-2,20221102,pMD2G,1号盒子,"33,35",张涛
p230401-1,20230401,pCDNA3.1(-)-empty,1号盒子,"1,2",程丽丽
p230403-1,20230403,PX330-empty,1号盒子,"3,4",别路垚。PX330-U6-Chimeric-BB-CBh-hSpCas9，实验室从某公司购买
p230403-2,20230403,PX330-VPR-dCas9-GFP,1号盒子,"5,6,45,46",别路垚。于艺丹在三轮轮转期间构建
p230403-3,20230403,PX330-KRAB-dCas9-GFP,1号盒子,"7,8,47",别路垚。于艺丹在三轮轮转期间构建
p230406-1,20230406,PB-TetOn-GFP-T2A-HA-RTCB,1号盒子,9,杨乐。于艺丹在三轮轮转期间构建
p230406-2,20230406,PB-TetOn-GFP-T2A-HA-DDX1,1号盒子,10,杨乐。于艺丹在三轮轮转期间构建
p230406-3,20230406,PB-TetOn-GFP-T2A-HA-CGI99,1号盒子,11,杨乐。于艺丹在三轮轮转期间构建
p230406-4,20230406,PB-TetOn-GFP-T2A-HA-ASW,1号盒子,13,杨乐。于艺丹在三轮轮转期间构建
p230409-1,20230409,PB-TetOn-Cas7/11-HA-T2A-GFP,1号盒子,14,杨乐。于艺丹在三轮轮转期间构建
p230411-1,20230411,PB-TetOn-GFP-T2A-HA-FAM98B,1号盒子,12,樊一鸣,质粒中的FAM98B的CDS与NCBI参考序列NM_173611.4不完全一致，经与实验室K562和NCCIT的RNA-seq比对，NCBI中少注释了一段内含子。
p230412-1,20230412,PB-TetOn-Cas7/11-HA-T2A-GFP(sgRNA:7-11_KRAS-g1),1号盒子,15,樊一鸣构建，杨乐设计sgRNA引物，用于验证Cas7/11功能的阳性对照
p230412-2,20230412,PB-TetOn-Cas7/11-HA-T2A-GFP(sgRNA:7-11_PPIB-g1),1号盒子,16,樊一鸣构建，杨乐设计sgRNA引物，用于验证Cas7/11功能的阳性对照
p230413-1,20230413,PX330-dCas9-KRAB-MeCP2-T2A-GFP,1号盒子,17,樊一鸣构建，往该载体构建sgRNA需要先将sgRNA构建到PX330-empty中，再用SacII和XbaI双酶切的方法将sgRNA片段转移到该质粒中。
p230416-1,20230416,PiggyBac,1号盒子,74,张涛
p230502-1,20230502,pLentiCas9-tagBFP,1号盒子,"18,40",严小涵,K562的Cas9筛选细胞系的质粒。
p230505-1,20230505,pCDNA3.1(-)-3xHA-empty,1号盒子,19,樊一鸣构建
p230505-10,20230505,pCDNA3.1(-)-empty-tagBFP,1号盒子,28,樊一鸣构建, 
p230505-2,20230505,pCDNA3.1(-)-empty-3xHA,1号盒子,20,樊一鸣构建
p230505-3,20230505,pCDNA3.1(-)-3xFlag-empty,1号盒子,21,樊一鸣构建
p230505-4,20230505,pCDNA3.1(-)-empty-3xFlag,1号盒子,22,樊一鸣构建
p230505-5,20230505,pCDNA3.1(-)-GFP-empty,1号盒子,23,樊一鸣构建
p230505-6,20230505,pCDNA3.1(-)-empty-GFP,1号盒子,24,樊一鸣构建
p230505-7,20230505,pCDNA3.1(-)-mCherry-empty,1号盒子,25,樊一鸣构建
p230505-8,20230505,pCDNA3.1(-)-empty-mCherry,1号盒子,26,樊一鸣构建
p230505-9,20230505,pCDNA3.1(-)-tagBFP-empty,1号盒子,27,樊一鸣构建
p230511-1,20230511,pCS2-NLS-zCas9,1号盒子,"41,42",孟安明实验室李晗处借得
p230511-2,20230511,pXT7-Cas9,1号盒子,43,孟安明实验室李晗处借得,质粒未测通，图谱是拼接的、错误的。
p230520-1,20230520,PX458-mCherry,1号盒子,"56,57",别路垚,没有图谱
p230520-2,20230520,PX458-GFP,2号盒子,20,张涛
p230521-1,20230521,pC3.1-HA-CGI99,1号盒子,54,樊一鸣构建
p230521-2,20230521,pC3.1-CGI99-HA,1号盒子,55,樊一鸣构建
p230601-1,20230601,pXTG_C,1号盒子,44,孟安明实验室李晗处借得
p230629-1,20230629,pXTG-VPR-dCas9,1号盒子,48,樊一鸣构建
p230629-2,20230629,pXTG-KRAB-dCas9,1号盒子,49,樊一鸣构建
p230704-1,20230704,pCS2-VPR-dCas9,1号盒子,"50,51",樊一鸣构建
p230704-2,20230704,pCS2-KRAB-dCas9,1号盒子,"52,53",樊一鸣构建
p230715-1,20230715,PXL304-ERM-APEX2-V5,1号盒子,59,秦为实验室借得
p230716-1,20230716,pLX304-Twinkle-APEX2-V5,1号盒子,58,韩硕实验室邮寄
p230720-1,20230720,PB-TetOn-tagBFP-T2A-HA-RTCB,1号盒子,62,樊一鸣构建
p230720-2,20230720,PB-TetOn-tagBFP-T2A-HA-DDX1,1号盒子,63,樊一鸣构建
p230720-3,20230720,PB-TetOn-tagBFP-T2A-HA-CGI99,1号盒子,64,樊一鸣构建
p230720-4,20230720,PB-TetOn-tagBFP-T2A-HA-FAM98B,1号盒子,65,樊一鸣构建
p230720-5,20230720,PB-TetOn-tagBFP-T2A-HA-ASW,1号盒子,66,樊一鸣构建
p230723-1,20230723,pORF0S#10(BFP),1号盒子,61,严小涵,L1 antisense 5UTR
p230724-1,20230724,Piggybac-Cas9-tagBFP,1号盒子,60,周自强
p230726-1,20230726,PB-EF1a-tagBFP-T2A-HA-RTCB,1号盒子,67,樊一鸣构建
p230726-2,20230726,PB-EF1a-tagBFP-T2A-HA-DDX1,1号盒子,68,樊一鸣构建
p230726-3,20230726,PB-EF1a-tagBFP-T2A-HA-CGI99,1号盒子,69,樊一鸣构建
p230726-4,20230726,PB-EF1a-tagBFP-T2A-HA-FAM98B,1号盒子,70,樊一鸣构建
p230726-5,20230726,PB-EF1a-tagBFP-T2A-HA-ASW,1号盒子,71,樊一鸣构建
p230726-6,20230726,Des-MCP-APEX2,1号盒子,"72,73",樊一鸣构建
p230727-1,20230727,PX320-GFP,1号盒子,76,樊一鸣构建
p230814-1,20230814,LNC5,1号盒子,"36,39",王洋冰箱
p230814-2,20230814,4xMS4合成片段,1号盒子,37,祥鸿
p230814-3,20230814,NLS-V5-MCP合成片段,1号盒子,38,祥鸿
p231008-1,20230923,LNC5-PJM105-EF1a-tagBFP-MSx4,2号盒子,1,樊一鸣构建
p231008-2,20230923,LNC5-PJM105-L1-5UTR-tagBFP-MSx4,2号盒子,2,樊一鸣构建
p231008-3,20230923,LNC5-PJM105-L1-as5UTR-tagBFP-MSx4,2号盒子,"3,4,5",樊一鸣构建
p231008-4,20231005,LNC5-PJM105-L1-5UTR-ORF1-tagBFP-ORF2-3UTR-MSx4,2号盒子,"6,7,8",樊一鸣构建
p231116-1,20231116,PB-TetOn-HA-SRP9(iso2)-T2A-EGFP,张咏妍,,樊一鸣构建
p231116-2,20231116,PB-TetOn-HA-SRP14(iso1)-T2A-EGFP,张咏妍,,樊一鸣构建
p231228-1,20231228,PB-TetOn-APEX2-V5-BSD,杨乐,,杨乐构建
p231228-2,20231228,PB-TetOn-APEX2-V5-RTCB-BSD,2号盒子,"11,12",杨乐构建
-,-,NCCIT genomic DNA,2号盒子,"9,10"
p240123-1,20240123,PX458-mCherry-universal sgRNA,2号盒子,13,樊一鸣构建
p240123-2,20240123,PX458-mCherry-N-ASW-dTAG,2号盒子,14,樊一鸣构建
p240123-3,20240123,PX458-mCherry-C-ASW-dTAG,2号盒子,15,樊一鸣构建
p240320-1,20240320,pGEMT-N-ASW-dTAG,2号盒子,16,樊一鸣构建,构建dTAG细胞系时的同源臂质粒
p240320-2,20240320,pGEMT-C-ASW-dTAG,2号盒子,17,樊一鸣构建,构建dTAG细胞系时的同源臂质粒
p240317-1,20240317,PB-TetOn-APEX2-V5-RLIG1-BSD,2号盒子,18,樊一鸣构建
p240317-2,20240317,PB-TetOn-RLIG1-V5-APEX2-BSD,2号盒子,19,樊一鸣构建
p240701-1,20240701,PDAC439,2号盒子,"21,22",池天课题组赠
p240701-2,20240701,PDAC446,2号盒子,"23,50",addgene购买
p240701-3,20240701,PDAC569,2号盒子,24,addgene购买
p240701-4,20240701,PDAC627,2号盒子,25,addgene购买
p240703-1,20240703,PB-TetOn-Cas13d-T2A-GFP,2号盒子,26,杨乐
p240703-2,20240703,PB-TetOn-Cas13d-T2A-tagBFP,2号盒子,27,杨乐
p240703-3,20240703,P320-Cas13DR-mCherry,2号盒子,"28,29",杨乐
p240705-1,20240705,PB-TetOn-Csm-T2A-GFP,2号盒子,30,樊一鸣构建
p240705-2,20240705,PB-TetOn-Csm-T2A-tagBFP,2号盒子,31,樊一鸣构建
p240705-3,20240705,P320-CsmDR-mCherry,2号盒子,"32,33",樊一鸣构建
p240707-1,20240707,P320-CsmDR-mCherry(sgRNA: PPIB-g1),2号盒子,34,樊一鸣构建,"AAACAACAGTCTTTCCGAAGAGACCAAAGATCACCC
TATCGGGTGATCTTTGGTCTCTTCGGAAAGACTGTT"
p240707-2,20240707,P320-CsmDR-mCherry(sgRNA: PPIB-g2),2号盒子,35,樊一鸣构建,"AAACCCCTCTAGAACTTTGCCAAACACCACATGCTT
TATCAAGCATGTGGTGTTTGGCAAAGTTCTAGAGGG"
p240707-3,20240707,P320-CsmDR-mCherry(sgRNA: PARK7-g1),2号盒子,36,樊一鸣构建,"AAACCTTCAACAATTGCAAGCGCAAACTCGAAGCTG
TATCCAGCTTCGAGTTTGCGCTTGCAATTGTTGAAG"
p240707-4,20240707,P320-CsmDR-mCherry(sgRNA: PARK7-g2),2号盒子,37,樊一鸣构建,"AAACCCGCAAAAGTAGTAAGGACAGCGACTTCTGAA
TATCTTCAGAAGTCGCTGTCCTTACTACTTTTGCGG"
p240707-5,20240707,P320-CsmDR-mCherry(sgRNA: ng),2号盒子,38,樊一鸣构建,"aaacccgtcttcgatgaagcgattcagaagactt
tatcaagtcttctgaatcgcttcatcgaagacgg"
p240707-6,20240707,P320-CsmDR-mCherry(sgRNA: L1-N1),2号盒子,39,樊一鸣构建,"AAACGGTAATGCCTGGCTTGTCGACGCATAGTCTAA
TATCTTAGACTATGCGTCGACAAGCCAGGCATTACC"
p240707-7,20240707,P320-CsmDR-mCherry(sgRNA: L1-N2),2号盒子,40,樊一鸣构建,"AAACGCTCCCGCCGAGATGCCGCCGATTTCTAATTA
TATCTAATTAGAAATCGGCGGCATCTCGGCGGGAGC"
p240707-7,20240707,P320-CsmDR-mCherry(sgRNA: L1-C1),2号盒子,41,樊一鸣构建
p240707-7,20240707,P320-CsmDR-mCherry(sgRNA: L1-C6),2号盒子,42,樊一鸣构建
p241101-1,20241101,PDAC627-PPIB-cr1,2号盒子,43,樊一鸣构建
p241101-2,20241101,PDAC627-PPIB-cr2,2号盒子,44,樊一鸣构建
p241101-3,20241101,PDAC627-PARK7-cr1,2号盒子,45,樊一鸣构建
p241101-4,20241101,PDAC627-PARK7-cr2,2号盒子,46,樊一鸣构建
p241101-5,20241101,PDAC627-N1,2号盒子,47,樊一鸣构建
p241101-6,20241101,PDAC627-N2,2号盒子,48,樊一鸣构建
p241101-7,20241101,PDAC627-C1,2号盒子,49,樊一鸣构建
p241101-8,20241101,PB-EF1a-stop-GFP-BSD,2号盒子,51,肖宇岳构建
p241102-1,20241102,P320-CsmDR-mCherry-stopGFP_sg3,2号盒子,52,樊一鸣构建
p241102-2,20241102,P320-CsmDR-mCherry-stopGFP_sg4,2号盒子,53,樊一鸣构建
p241102-3,20241102,PX458-GFP-TASOR-cr1,2号盒子,54,樊一鸣构建
p241102-4,20241102,PX458-GFP-TASOR-cr2,2号盒子,55,樊一鸣构建
p241102-5,20241102,PX458-GFP-MPP8-cr1,2号盒子,56,樊一鸣构建
p241102-6,20241102,PX458-GFP-MPP8-cr2,2号盒子,57,樊一鸣构建
p241102-7,20241102,PX458-GFP-MPP8-cr3,2号盒子,58,樊一鸣构建
p241102-8,20241102,pGEMT-N-Arp3-dTAG,2号盒子,59,樊一鸣构建
p241102-9,20241102,pGEMT-C-Arp3-dTAG,2号盒子,60,樊一鸣构建
p241102-10,20241102,PX458-mCherry-N-Arp3-dTAG,2号盒子,61,樊一鸣构建
p241102-11,20241102,PX458-mCherry-C-Arp3-dTAG,2号盒子,62,樊一鸣构建
p241102-12,20241102,PX458-mCherry-N-Arp2-dTAG,2号盒子,63,樊一鸣构建
p241102-13,20241102,PX458-mCherry-C-Arp2-dTAG,2号盒子,64,樊一鸣构建
p241102-14,20241102,PB-TetOn-GFP-T2A-HA-NLS-ACTR3-BSD,2号盒子,65,马旭泽构建
p241102-15,20241102,PB-TetOn-GFP-T2A-HA-NLS-MYL6-BSD,2号盒子,66,马旭泽构建
p241102-16,20241102,PB-TetOn-GFP-T2A-HA-NLS-RPL13A-BSD,2号盒子,67,马旭泽构建
p241102-17,20241102,PB-TetOn-GFP-T2A-HA-NLS-PSMC4-BSD,2号盒子,68,马旭泽构建
p241102-18,20241102,PB-TetOn-GFP-T2A-HA-NLS-GAPDH-BSD,2号盒子,69,马旭泽构建
p241102-19,20241102,lenti-Cas9-BFP,2号盒子,70,靳光普
p241102-20,20241102,PB-TetOn-ACTR3-HA-P2A-GFP,2号盒子,71,马旭泽构建
p241102-21,20241102,PB-TetOn-DHX9-HA-P2A-GFP,2号盒子,72,马旭泽构建
p241102-22,20241102,PB-TetOn-GAPDH-HA-P2A-GFP,2号盒子,73,马旭泽构建
p241102-23,20241102,PB-TetOn-MYL6-HA-P2A-GFP,2号盒子,74,马旭泽构建
p241102-24,20241102,PB-TetOn-MYO6-HA-P2A-GFP,2号盒子,75,马旭泽构建
p241102-25,20241102,PB-TetOn-PSMC4-HA-P2A-GFP,2号盒子,76,马旭泽构建
p241102-26,20241102,PB-TetOn-RPL13A-HA-P2A-GFP,2号盒子,77,马旭泽构建
p241102-27,20241102,PB-TetOn-SRP14-HA-P2A-GFP,2号盒子,78,马旭泽构建
p241102-28,20241102,PB-TetOn-YBX1-HA-P2A-GFP,2号盒子,79,马旭泽构建
p241102-29,20241102,PB-TetOn-FAM231A-HA-P2A-GFP,2号盒子,80,靳光普
p241106-1,20241106,PDAC446-PPIB-cr1,3号盒子,1,马旭泽构建,未测序
p241106-2,20241106,PDAC446-PPIB-cr2,3号盒子,2,马旭泽构建
p241106-3,20241106,PDAC446-PARK7-cr1,3号盒子,3,马旭泽构建
p241106-4,20241106,PDAC446-PARK7-cr2,3号盒子,4,马旭泽构建,浓度虚高
p241106-5,20241106,PDAC446-N1,3号盒子,"5,38",马旭泽构建
p241106-6,20241106,PDAC446-N2,3号盒子,"6,39,64",马旭泽构建
p241106-7,20241106,PDAC446-C1,3号盒子,"7,40,65",马旭泽构建
p241106-8,20241106,PDAC446-C6,3号盒子,8,马旭泽构建,跑胶看不到带，转染效率为零
p241130-1,20241130,PB-EF1a-NtGFP-SD,3号盒子,9,马旭泽构建
p241130-2,20241130,PB-EF1a-SA-CtGFP,3号盒子,10,马旭泽构建
p241130-3,20241130,PB-EF1a-NtGFP-SD-Twister,3号盒子,11,樊一鸣构建
p241130-4,20241130,PB-EF1a-RzB-SA-CtGFP,3号盒子,12,樊一鸣构建
p241209-1,20241209,P320-CsmDR-mCherry(noPuroR)-nontarget,3号盒子,13,樊一鸣构建
p241209-2,20241209,P320-CsmDR-mCherry(noPuroR)-sg4_for_stopGFP,3号盒子,14,樊一鸣构建
p241230-1,20241230,PB-TetOn-GFP-T2A-HA-NLS-DHX9-BSD,3号盒子,15,肖宇岳构建
p241230-2,20241230,PB-TetOn-GFP-T2A-HA-NLS-HNRNPU-BSD,3号盒子,16,肖宇岳构建
p241230-3,20241230,PB-TetOn-GFP-T2A-HA-NLS-MYO6-BSD,3号盒子,17,肖宇岳构建
p241230-4,20241230,PB-TetOn-GFP-T2A-HA-NLS-SRP14-BSD,3号盒子,18,肖宇岳构建
p241230-5,20241230,PB-TetOn-GFP-T2A-HA-NLS-YBX1-BSD,3号盒子,19,肖宇岳构建
p241231-1,20241231,P320-Cas9DR-NeoR-T2A-mCherry(sg: WDR18),3号盒子,"20(已双酶切),36,37",樊一鸣构建
p241231-2,20241231,P320-Cas9DR-NeoR-T2A-mCherry(sg: NT-sg1),3号盒子,21,熊昊旸构建,"ttgCCAGATTTAATACTTCTGTgtttaagagc
ttagctcttaaacACAGAAGTATTAAATCTGGcaacaag"
p241231-3,20241231,P320-Cas9DR-NeoR-T2A-mCherry(sg: NT-sg2),3号盒子,22,熊昊旸构建,"ttgTTGGTCTCTAGTCCTTTgtttaagagc
ttagctcttaaacAAAGGACTAGAGACCAAcaacaag"
p241231-4,20241231,P320-Cas9DR-NeoR-T2A-mCherry(sg: NT-sg3),3号盒子,23,熊昊旸构建,"ttgCCGACTAGGGTCGATAgtttaagagc
ttagctcttaaacCGACAGGCATTCCTTAATTCcaacaag"
p241231-5,20241231,P320-Cas9DR-NeoR-T2A-mCherry(sg: RTCB-sg1),3号盒子,24,熊昊旸构建,"ttgAATTGATGTTTGAGGAATTAgtttaagagc
ttagctcttaaacTAATTCCTCAAACATCAATTcaacaag"
p241231-6,20241231,P320-Cas9DR-NeoR-T2A-mCherry(sg: RTCB-sg2),3号盒子,25,熊昊旸构建,"ttgGCAATGTGGCAGCCCTGCCgtttaagagc
ttagctcttaaacGGCAGGGCTGCCACATTGCcaacaag"
p241231-7,20241231,P320-Cas9DR-NeoR-T2A-mCherry(sg: RTCB-sg4),3号盒子,26,熊昊旸构建,"ttgATTATAGCTGCGACTCATGGgtttaagagc
ttagctcttaaacCCATGAGTCGCAGCTATAATcaacaag"
,,C-MYL6-dTAG-PGEMT,3号盒子,27,樊一鸣构建,2025.2.22在测序验证
p250318-1,20250318,P320-Cas9DR-NeoR-T2A-mCherry(sg: DDX1-sg1),3号盒子,28,熊昊旸构建
p250318-2,20250318,P320-Cas9DR-NeoR-T2A-mCherry(sg: DDX1-sg2),3号盒子,29,熊昊旸构建
p250318-3,20250318,P320-Cas9DR-NeoR-T2A-mCherry(sg: CGI99-sg1),3号盒子,30,熊昊旸构建
p250318-4,20250318,P320-Cas9DR-NeoR-T2A-mCherry(sg: CGI99-sg2),3号盒子,31,熊昊旸构建
p250318-5,20250318,P320-Cas9DR-NeoR-T2A-mCherry(sg: FAM98B-sg1),3号盒子,32,熊昊旸构建
p250318-6,20250318,P320-Cas9DR-NeoR-T2A-mCherry(sg: FAM98B-sg3),3号盒子,33,熊昊旸构建
p250318-7,20250318,P320-Cas9DR-NeoR-T2A-mCherry(sg: ASW-sg1),3号盒子,34,熊昊旸构建
p250318-8,20250318,P320-Cas9DR-NeoR-T2A-mCherry(sg: ASW-sg3),3号盒子,35,熊昊旸构建
p250403-1,20250403,P320-Cas9DR-NeoR-T2A-mCherry(sg: ABL1-sg1),3号盒子,41,樊一鸣构建
p250403-2,20250403,P320-Cas9DR-NeoR-T2A-mCherry(sg: ABL1-sg2),3号盒子,42,樊一鸣构建
p250403-3,20250403,P320-Cas9DR-NeoR-T2A-mCherry(sg: ANGEL2-sg1),3号盒子,43,樊一鸣构建
p250403-4,20250403,P320-Cas9DR-NeoR-T2A-mCherry(sg: ANGEL2-sg2),3号盒子,44,樊一鸣构建
p250403-5,20250403,P320-Cas9DR-NeoR-T2A-mCherry(sg: PTPN1-sg1),3号盒子,45,樊一鸣构建
p250403-6,20250403,P320-Cas9DR-NeoR-T2A-mCherry(sg: PTPN1-sg2),3号盒子,46,樊一鸣构建
p250403-7,20250403,P320-Cas9DR-NeoR-T2A-mCherry(sg: RTCA-sg1),3号盒子,47,樊一鸣构建
p250403-8,20250403,P320-Cas9DR-NeoR-T2A-mCherry(sg: RTCA-sg2),3号盒子,48,樊一鸣构建
p250403-9,20250403,P320-Cas9DR-NeoR-T2A-mCherry(sg: YY1-sg1),3号盒子,49,樊一鸣构建
p250403-10,20250403,P320-Cas9DR-NeoR-T2A-mCherry(sg: YY1-sg2),3号盒子,50,樊一鸣构建
p250403-11,20250403,P320-Cas9DR-NeoR-T2A-mCherry(sg: ZBTB8OS-sg1),3号盒子,51,樊一鸣构建
p250403-12,20250403,P320-Cas9DR-NeoR-T2A-mCherry(sg: ZBTB8OS-sg2),3号盒子,52,樊一鸣构建
p250403-13,20250403,P320-Cas9DR-NeoR-T2A-mCherry(sg: ASW-sg4),3号盒子,53,樊一鸣构建
p250421-1,20250421,PDAC446-L1-sg1,3号盒子,54,马旭泽构建
p250421-2,20250421,PDAC446-L1-sg2,3号盒子,55,马旭泽构建
p250421-3,20250421,PDAC446-L1-sg3,3号盒子,56,马旭泽构建
p250421-4,20250421,PDAC446-L1-sg4,3号盒子,57,马旭泽构建
p250421-5,20250421,PDAC446-L1-sg5,3号盒子,58,马旭泽构建
p250421-6,20250421,PDAC446-L1-sg6,3号盒子,59,马旭泽构建
p250421-7,20250421,PDAC446-L1-sg7,3号盒子,60,马旭泽构建
p250421-8,20250421,PDAC446-L1-sg8,3号盒子,61,马旭泽构建
p250421-9,20250421,PDAC446-L1-sg9,3号盒子,62,马旭泽构建
p250421-10,20250421,PDAC446-L1-sg10,3号盒子,63,马旭泽构建
p250525-1,20250525,pGEMT-N-MYL6-dTAG,3号盒子,66,肖宇岳构建
p250525-2,20250525,pGEMT-C-PSMC4-dTAG,3号盒子,67,肖宇岳构建
p250915-1,20250915,PB-TetOn-HA-RTCB-T2A-mCherry(Y306F),1号盒子,29,肖宇岳构建
p250915-2,20250915,PB-TetOn-HA-RTCB-T2A-mCherry(Y316F),1号盒子,30,肖宇岳构建
p250915-3,20250915,PB-TetOn-HA-RTCB-T2A-mCherry(Y475F),1号盒子,31,肖宇岳构建
p250915-4,20250915,PB-TetOn-HA-RTCB-T2A-mCherry(H428A),1号盒子,34,肖宇岳构建
p250915-5,20250915,PB-TetOn-HA-RTCB-T2A-mCherry,1号盒子,35,肖宇岳构建
p250915-6,20250915,"PB-TetOn-HA-RTCB-T2A-mCherry(Y306F, Y316F, Y475F triple mutant)",1号盒子,40,肖宇岳构建
p251022-1,20251022,pGEMT-dTAG-mCherry-N-ABL1,1号盒子,57,樊一鸣构建
p251022-2,20251022,pGEMT-dTAG-mCherry-N-ATAD5,2号盒子,81,樊一鸣构建
p251022-3,20251022,pGEMT-dTAG-mCherry-N-RTCB,3号盒子,20,樊一鸣构建
p251022-4,20251022,pGEMT-dTAG-mCherry-C-ABL1,3号盒子,21,樊一鸣构建
p251022-5,20251022,pGEMT-dTAG-mCherry-C-ATAD5,3号盒子,22,樊一鸣构建
p251022-6,20251022,pGEMT-dTAG-mCherry-C-ELOF1,3号盒子,24,樊一鸣构建
p251022-7,20251022,pGEMT-dTAG-mCherry-C-PTPN1,3号盒子,25,樊一鸣构建
p251022-8,20251022,pGEMT-dTAG-mCherry-C-RAD51,3号盒子,26,樊一鸣构建
p251022-9,20251022,pGEMT-dTAG-mCherry-C-RTCB,3号盒子,41,樊一鸣构建
p251022-10,20251022,PX458-mCherry-N-ABL1,3号盒子,42,樊一鸣构建
p251022-11,20251022,PX458-mCherry-N-ATAD5,3号盒子,43,樊一鸣构建
p251022-12,20251022,PX458-mCherry-N-RTCB,3号盒子,44,樊一鸣构建
p251022-13,20251022,PX458-mCherry-C-ABL1,3号盒子,45,樊一鸣构建
p251022-14,20251022,PX458-mCherry-C-ATAD5,3号盒子,46,樊一鸣构建
p251022-15,20251022,PX458-mCherry-C-ELOF1,3号盒子,47,樊一鸣构建
p251022-16,20251022,PX458-mCherry-C-PTPN1,3号盒子,48,樊一鸣构建
p251022-17,20251022,PX458-mCherry-C-RAD51,3号盒子,68,樊一鸣构建
p251022-18,20251022,PX458-mCherry-C-RTCB,3号盒子,69,樊一鸣构建
p251022-19,20251022,PX458-mCherry-N-ELOF1,3号盒子,70,樊一鸣构建
p251022-20,20251022,PX458-mCherry-N-PTPN1,3号盒子,71,樊一鸣构建
p251022-21,20251022,PX458-mCherry-N-RAD51,3号盒子,72,樊一鸣构建
p251022-22,20251022,PX458-mCherry-N-SLC7A5,3号盒子,73,樊一鸣构建
p251022-23,20251022,PX458-mCherry-N-THG1L,3号盒子,74,樊一鸣构建
p251022-24,20251022,PX458-mCherry-N-TYMS,3号盒子,75,樊一鸣构建
p251022-25,20251022,PX458-mCherry-C-SLC7A5,3号盒子,76,樊一鸣构建
p251022-26,20251022,PX458-mCherry-C-THG1L,3号盒子,77,樊一鸣构建
p251022-27,20251022,PX458-mCherry-C-TYMS,3号盒子,78,樊一鸣构建
-,-,K562 genomic DNA,3号盒子,79,樊一鸣提取
